emotion,pitch,mfcc,rms,centroid
anger,128.49309653164397,-14.652108,0.12527645,2028.9144831168421
anger,108.49661125640962,-13.274124,0.13758951,2070.1929554582307
anger,109.82595229508084,-14.068338,0.12538435,2091.958368685909
anger,102.15819358653017,-15.983579,0.13369209,1992.7935607454335
anger,102.04861853734977,-15.103183,0.113950565,1946.021133967579
anger,117.66831096550254,-12.902749,0.13702285,1685.4152140177787
anger,113.8443732627025,-13.427236,0.14035363,1762.5420376828517
anger,112.91640773139197,-14.896264,0.12714107,1556.7304907421446
anger,105.42111816912963,-15.285652,0.111867644,1781.6799672598747
anger,106.9177474270586,-14.175356,0.12690556,1625.3581090640982
anger,128.16455840194908,-14.966675,0.094774775,1893.5431685547917
anger,102.23409107717299,-15.721766,0.08446138,1757.2318349515342
anger,107.67183512222927,-17.266733,0.06199923,1814.7209946748483
anger,109.45690976514807,-17.49066,0.083700895,1801.8786150912447
anger,94.16797731770738,-14.944242,0.09406977,1614.4809858270346
anger,110.78909626811748,-15.730339,0.07298302,2017.361837023884
anger,111.53906779825688,-18.337868,0.07483491,2237.4099753653286
anger,105.9107029966806,-16.61578,0.062042497,1919.9854783270412
anger,122.24288924150372,-14.978532,0.10913042,1773.77875057897
anger,121.04324550082238,-15.211092,0.075907625,1826.1618823467993
anger,110.38715377984524,-13.846475,0.08614605,2264.9212437698193
anger,109.75769533846353,-14.164987,0.08963333,2409.5341403544267
anger,130.3169777369206,-13.989522,0.11390163,2043.9623379059276
anger,114.36839637076051,-15.548926,0.11682399,2031.549810869445
anger,104.04297322336001,-13.905448,0.11650468,2101.5299429698903
anger,108.53450201649419,-12.357612,0.10336573,2110.902799661213
anger,115.57592987857184,-9.527105,0.121459976,2266.9320288538033
anger,106.59938591414776,-14.741647,0.09418422,2388.950969577597
anger,110.3296133951371,-12.864842,0.11740336,2160.9374956327183
anger,98.57555366967172,-12.303465,0.12306698,1973.1046813512662
anger,137.06489249425647,-15.109909,0.14658919,1538.7119680562214
anger,87.23470369972134,-13.923446,0.08773516,2097.5379880180053
anger,94.09879756384805,-14.982849,0.10127693,2048.734460049036
anger,100.80540228560007,-13.924606,0.1458448,1532.1324901906319
anger,87.26668767259319,-12.210052,0.12527797,1687.647183549765
anger,118.69031342954558,-14.19935,0.107070416,2095.1571691507856
anger,102.35418395918742,-15.839213,0.108027294,2395.8396349097966
anger,117.2655441885496,-17.905539,0.089508176,2187.8812539921178
anger,104.8686143939141,-18.53731,0.103880815,2226.563013537644
anger,115.22557189405484,-17.003716,0.083751634,2265.8111397595917
anger,80.65956289447679,-12.162843,0.0562057,1738.8779757008306
anger,79.86479157310951,-14.805587,0.046153426,2009.715292647813
anger,81.85059170260118,-13.439561,0.038738314,1882.1990414809093
anger,82.2818114793177,-13.040021,0.058333263,1572.0913097686418
anger,77.76827125006471,-13.673756,0.047289148,1839.7606745790024
anger,108.25986406205205,-11.694793,0.12695542,1949.9866744572528
anger,106.93367268719874,-13.290052,0.119899206,2026.7104735569415
anger,105.15043447980626,-14.735224,0.09090965,1980.3923480080214
anger,119.12271278644715,-12.678984,0.15248089,1679.4790453625628
anger,118.95302144315022,-12.284289,0.13665566,1682.7314551689353
anger,119.8933887759884,-12.715873,0.098076954,1894.7838943633283
anger,123.87823656351279,-12.830226,0.07978003,1801.7847429263802
anger,122.98399124123456,-13.97672,0.0705741,1976.6952546354203
anger,128.85632541792384,-12.749021,0.09039005,1952.4305462865289
anger,122.20184956694936,-14.556292,0.06697927,1843.3511914152602
anger,106.68210264942589,-17.73198,0.055241436,2175.467144233929
anger,117.60745137008652,-20.230577,0.04542656,2658.9602776054903
anger,98.06853988691371,-17.674799,0.06861936,2088.3831881112465
anger,107.12614051599401,-19.04772,0.06468277,1974.9815938706
anger,102.03144754564109,-16.388863,0.064702965,1649.8378642106006
anger,197.06652159382492,-21.519962,0.033572223,4442.080849707105
anger,156.00383466530084,-24.228485,0.026878238,4894.353879528684
anger,151.51381623011352,-19.961893,0.038460657,3890.361957512066
anger,123.18612051757015,-22.982971,0.034313437,4576.474175931974
anger,117.79637108083499,-22.827179,0.03499564,3810.053498963223
anger,84.94930686971797,-22.10478,0.022098893,4144.4400860030755
anger,96.83951892737122,-19.945164,0.035593938,4054.7217704465234
anger,80.72199187531383,-19.425276,0.036345012,3426.684438452599
anger,70.33782333763105,-18.790243,0.03942181,3086.933587991506
anger,71.70769253262466,-18.14338,0.038810115,2656.527571829704
anger,99.38788931302979,-15.78454,0.061104205,3212.4370615195085
anger,110.46156799529435,-16.779198,0.05921638,3638.7551731014255
anger,141.9487582541716,-15.879832,0.06759426,3222.216853779909
anger,99.91718457224519,-15.766158,0.07660473,2813.462152990144
anger,96.8545891487829,-17.208025,0.059255663,2877.271543372147
anger,93.27358621049274,-17.162466,0.055962875,2875.8719132897454
anger,100.73079134496373,-17.11127,0.050696753,3114.0497124630365
anger,116.43326463035784,-17.170395,0.040686093,3251.8003823668046
anger,103.29046627752065,-18.199574,0.048526224,2986.5709740625766
anger,83.9265741903068,-18.080645,0.038025364,3383.7443043941585
anger,129.62305263788966,-26.370588,0.038770147,4296.136570140038
anger,111.56268030694731,-23.95436,0.04519613,4110.652080836118
anger,141.21598807936743,-23.948042,0.05471853,4106.861058036426
anger,132.08269359362083,-22.154018,0.06380745,3190.939716532375
anger,144.2878475164454,-23.91866,0.044128697,3889.8572013679072
anger,104.19103125677216,-21.083029,0.042990636,3712.1818648835833
anger,96.73445872954377,-20.418253,0.042848404,3860.0186223801784
anger,92.44276144150311,-21.215965,0.0337005,4138.746690760797
anger,98.15400951569451,-18.857033,0.053579096,2969.692278919361
anger,92.89517432076676,-20.19354,0.04076607,3442.3422587339355
anger,147.59107744077656,-27.581047,0.033535864,4187.943907707165
anger,178.76999805289532,-25.460012,0.041728668,3531.8413219892886
anger,128.78603251195173,-29.314774,0.030130938,5432.789339078939
anger,151.09671204295267,-27.313993,0.037701007,3889.036402114454
anger,191.79476254038113,-22.24383,0.029936915,3499.322108724968
anger,161.04401770841812,-23.81659,0.017929232,3977.636465353984
anger,114.55343603560942,-25.294731,0.016760254,3919.0845000693744
anger,139.27125497460557,-25.5889,0.013398215,4584.662856052171
anger,116.33367549320985,-25.994635,0.018091941,4176.191219821441
anger,133.46398197076599,-23.136593,0.019029481,3555.0900006527786
anger,93.22349459261335,-9.339292,0.11127448,2001.804883276434
anger,81.14041982736151,-12.174426,0.066235006,2316.6460746734097
anger,96.28579556796902,-16.193932,0.059422832,2255.0632859855323
anger,80.65341299189743,-12.769482,0.077390246,2021.4125252178242
anger,95.08094585734351,-9.687318,0.1010453,1785.7590852167814
anger,82.18213315604353,-20.889042,0.02514006,3336.9001714706683
anger,88.92871224713593,-22.421394,0.030369261,3668.4314442505024
anger,89.79726409724704,-20.373825,0.03848493,2530.0571008407187
anger,102.21334833068833,-20.55998,0.048202015,2494.397260332206
anger,92.5156910953962,-23.585733,0.026530003,3745.6701412855496
anger,151.63683060492642,-22.299223,0.029895164,3963.740121835809
anger,159.8286600745629,-25.451113,0.038069423,4392.775850297447
anger,176.32200992364312,-28.293573,0.030610407,5556.020421121019
anger,171.92342479075052,-25.13078,0.057110608,3205.973713697744
anger,164.8760296342153,-24.072107,0.038555294,3473.0424203798757
anger,123.40300621598061,-22.419947,0.043887574,3751.4583210981473
anger,139.53063263459788,-21.662554,0.044592526,3726.0326882678155
anger,125.89032726336433,-21.505579,0.04365637,3353.0882152575873
anger,93.40450406015981,-18.09209,0.06062819,2661.767406494544
anger,120.2642328112795,-23.008411,0.03834351,3344.779737068205
anger,143.81290445422195,-25.65231,0.04567969,3263.6086863006662
anger,129.39008212939828,-26.412054,0.033723213,4041.7636534186704
anger,116.72269909802942,-26.061777,0.03204155,3490.154291778697
anger,134.2412476022442,-26.249432,0.049519412,2920.994247859891
anger,119.5409684534117,-27.65164,0.023942776,4377.665585548824
anger,111.33801869541263,-16.750181,0.030705933,3310.2849149856124
anger,105.6195546143969,-21.509148,0.015136755,3557.3280693876013
anger,91.13234017446626,-20.17919,0.014446211,2888.961805372954
anger,79.24756989084918,-21.261766,0.014813383,2842.354783990421
anger,88.43608518224423,-21.531048,0.012078755,3157.0772318288077
anger,120.59222952484299,-17.91846,0.039244544,3495.3542038542196
anger,99.70929642997707,-14.495858,0.066775255,2496.941618112122
anger,103.98475284956233,-17.238077,0.05166356,3779.4647271683393
anger,97.19434827658485,-16.111423,0.07074056,2906.5897557573453
anger,99.92513218435072,-14.470121,0.057466377,2859.244703736338
anger,122.82982779725462,-21.813549,0.047129445,3665.6735131822516
anger,111.50432705040623,-21.344296,0.050188772,3340.922719267827
anger,97.55554423752422,-22.544552,0.048359625,4142.66344413055
anger,106.85620651100236,-17.747086,0.07301288,2283.631416750004
anger,93.71572744006158,-22.318817,0.044438157,3987.423031459735
anger,105.72442675772956,-17.825207,0.036877353,3102.370020264021
anger,112.14017064273618,-19.598215,0.03987294,3675.4583569508372
anger,107.69069054459528,-23.524302,0.032611985,4649.472543083451
anger,125.9551813162829,-18.637135,0.06904053,2601.1381005750777
anger,110.27306397829362,-20.752539,0.049914848,3533.0917572462427
anger,89.2266591590552,-22.36633,0.026103524,4308.8344642641505
anger,105.93337288678077,-22.768694,0.030392691,4773.294399020193
anger,106.95516619768118,-21.357174,0.050388567,3846.2514243591913
anger,121.03272369882319,-20.762384,0.06601835,3081.0317776843826
anger,142.36234024718104,-19.456583,0.061680064,3090.051946023374
anger,144.63843998222802,-20.815042,0.055552244,3300.828788681231
anger,112.02563386418232,-19.48311,0.06097245,3203.754824734835
anger,130.084280421902,-22.700987,0.04846465,3840.624660225244
anger,114.85501693846705,-18.278889,0.05538402,3143.351657718285
anger,108.75437724623364,-20.757391,0.046095062,3679.964574593617
anger,123.01881431202597,-16.38545,0.092402145,2143.8530380073457
anger,117.6485120653244,-18.12476,0.084493585,2158.2188545710433
anger,103.33070709249353,-18.112375,0.08847804,2150.0211202986334
anger,100.02256848850494,-17.841099,0.09356235,2154.9568492040885
anger,107.75285197465382,-17.780052,0.08070375,2086.9116006837007
anger,132.59636694451626,-20.255419,0.04825129,4017.0717308540175
anger,107.69115829983008,-16.931204,0.06520238,3435.577023569636
anger,98.49674596206691,-23.574297,0.036599476,5484.153210851685
anger,104.83229455469645,-21.392149,0.055824026,3609.6000220787487
anger,100.93683590758074,-17.161684,0.057802696,2902.6289049052284
anger,97.23698001562644,-22.626001,0.017086273,5009.1335690972455
anger,86.15028399766962,-22.466848,0.019340772,4955.18479694768
anger,70.68308953660643,-24.169773,0.012904255,5532.322523319173
anger,95.40152017318283,-20.545708,0.021399368,3673.8135245577787
anger,77.46229935751528,-21.570961,0.019352602,4076.2835096973326
anger,107.80178778667445,-15.55013,0.060889173,3717.2320835289643
anger,102.79501367614802,-15.920801,0.056291927,3507.213160658956
anger,95.15042363728902,-16.386621,0.06040966,3436.051636508061
anger,88.00443343608217,-16.136415,0.065708786,2972.797814181997
anger,102.75066126906397,-16.002975,0.058166344,3025.922963819493
anger,124.27854691020258,-21.530857,0.032127924,4939.946159398003
anger,110.67125503475926,-23.510756,0.032368843,5358.040899252857
anger,99.08672117718889,-20.305244,0.044695362,4103.887157289747
anger,104.93229562977136,-18.555698,0.05706569,3634.862379239899
anger,126.28139923221632,-20.42508,0.044194486,3561.7414496358374
anger,121.50532272113192,-25.983694,0.036366582,3992.36728699322
anger,121.94773138698899,-30.131012,0.026082303,6199.062757606398
anger,145.21974390138627,-28.95425,0.039947193,4218.481790876308
anger,139.76406006940803,-27.845503,0.049775258,3696.0852996039152
anger,128.28423770876324,-26.822395,0.039421417,3186.731512380976
anger,142.72497180925512,-19.312284,0.054580383,2446.696040043763
anger,119.33933750966185,-20.488604,0.065152876,2536.970414395572
anger,110.84660525088348,-19.581165,0.053997517,2255.971089212411
anger,137.14333907091205,-16.438253,0.09901295,1910.9345289202022
anger,124.96849363516621,-18.972385,0.088958465,2131.2120182653616
anger,111.14958363402435,-18.822857,0.08654263,1880.6002110454747
anger,119.87370915218465,-16.621317,0.08487437,1857.3355320061296
anger,112.06873666437976,-19.988686,0.067572616,2085.6218342484585
anger,121.60800136748236,-19.223164,0.0933495,1931.5859810604547
anger,114.42939744960131,-19.003145,0.08405686,1865.3688116752326
anger,207.12424481091332,-18.225748,0.12469868,2133.3745612999123
anger,138.65516092638822,-17.532188,0.09041826,2450.7277736312676
anger,163.92053433870697,-21.591259,0.09311556,2340.5738481775147
anger,152.6007828625044,-19.400335,0.11382833,2168.98042358782
anger,115.60321360375401,-18.153559,0.0882414,2207.1143783013795
anger,101.78738371585831,-13.5239525,0.11090405,2075.5742225888694
anger,102.99461310645144,-16.734512,0.09078781,2240.7546548484197
anger,92.4387902266891,-20.408125,0.06581924,2374.180811303803
anger,124.39270908422006,-16.206451,0.12397877,1911.0566887133361
anger,101.89655137402053,-18.220907,0.08588717,2202.997336195792
anger,121.53844267647179,-16.668177,0.06538961,2361.7194806780526
anger,107.94277584507475,-14.563879,0.088346295,2332.800948133751
anger,103.80608337872783,-16.50526,0.066187344,2684.275076356141
anger,101.90998569795217,-11.9092455,0.114258304,2225.1147368668408
anger,104.93620571788007,-14.3706045,0.07437336,2232.6526784431153
happiness,121.12328483249964,-14.055712,0.11272203,2337.6431516749003
happiness,114.51015437804877,-13.5515175,0.14016934,2464.7035780163073
happiness,107.90570144061638,-14.524489,0.10887272,2371.3301444286417
happiness,150.68408343939262,-16.789722,0.08908195,2415.2341848529636
happiness,128.55300644095863,-13.350485,0.11880424,2404.198632458844
happiness,127.65452889715468,-14.423489,0.13936768,1812.7623649925138
happiness,131.38564877176955,-16.853802,0.10944872,1987.837134930899
happiness,135.96479120557134,-18.696795,0.106241256,2026.9898032303963
happiness,125.87718855503208,-19.425543,0.072491296,2130.825026517145
happiness,135.27860872599138,-17.594427,0.09601155,2161.6612584432823
happiness,126.90635338961476,-16.003267,0.103029445,1715.0860597117367
happiness,111.3973263758129,-14.945541,0.08913686,1574.9419849992742
happiness,137.4580392544601,-18.969112,0.12535627,1919.8071736541272
happiness,107.7095937276539,-17.889696,0.09708237,2226.8900320375615
happiness,115.45894118592709,-14.919431,0.07349705,2090.720771577249
happiness,154.46894870097307,-15.016978,0.09803296,1728.6858716086535
happiness,129.61890409542065,-15.510218,0.07866801,1948.7298948162631
happiness,109.87548061968083,-17.284523,0.0655119,2425.830058831963
happiness,112.61011758830271,-17.57077,0.06878137,2192.6889407705153
happiness,91.55746970421981,-18.410587,0.035006896,2395.603519234845
happiness,114.84549479517115,-12.851565,0.11593287,2483.217335097961
happiness,118.52032417087995,-14.028641,0.09853307,2126.3265440586206
happiness,125.58648225137333,-16.670942,0.1110984,2200.0106296749764
happiness,102.37752246133164,-12.272711,0.07522168,2523.4217753751664
happiness,111.43112456090044,-14.210226,0.08127304,2679.4143959828607
happiness,117.82844841632806,-14.4461,0.11299098,2325.837828639435
happiness,117.18393646100175,-11.216323,0.12276055,2429.153734853287
happiness,104.84302841990747,-13.586421,0.11685606,2313.217791159381
happiness,96.19225413734908,-16.338736,0.07837506,2674.2369279898
happiness,122.51159553536218,-14.378716,0.10236665,2591.7317343555187
happiness,96.43918186194357,-15.876391,0.06262991,2345.3125578240324
happiness,99.84602574600835,-15.021142,0.08890716,2161.1963793365985
happiness,109.68702436282847,-18.685036,0.06577721,2338.50647213077
happiness,106.09823588457705,-17.869814,0.06929186,2436.702554468223
happiness,98.1996365341799,-18.452124,0.05740397,2636.3560073232466
happiness,119.60682721158307,-15.641035,0.11171281,2271.7022279957628
happiness,110.44091491802243,-16.137857,0.07456563,2368.4216486142996
happiness,118.274432688042,-16.073837,0.041606504,2782.114990393554
happiness,114.80167969434643,-15.067236,0.12442054,2009.879504349981
happiness,186.7539766628535,-19.616705,0.08932551,2886.340441476133
happiness,88.39094906549042,-13.998349,0.04905801,2083.161364589594
happiness,76.71366835756218,-14.493896,0.033360813,2052.593195250256
happiness,87.60232225166725,-13.343117,0.049341783,1854.255809159862
happiness,80.72802546641088,-14.928652,0.03756216,2140.9725963336173
happiness,83.44434459090863,-15.2140255,0.028101109,2367.0063036535157
happiness,107.56830897664219,-12.95855,0.09428289,2026.9781077448788
happiness,117.58282362140054,-13.82987,0.12548272,2090.33643500078
happiness,108.28338196088274,-14.664866,0.08556955,2195.9668912343423
happiness,130.14739801588863,-16.221989,0.10372851,2200.5209211457113
happiness,127.00138532865738,-16.867811,0.08986824,2513.4597919517732
happiness,117.28221735240693,-14.398813,0.08695465,1804.762634343623
happiness,120.7023342534948,-15.808778,0.077665076,2388.223008881253
happiness,131.10884856945995,-20.480944,0.059594885,2778.9977161183897
happiness,121.11343143761843,-18.880508,0.048452485,2509.871428269283
happiness,136.45481577004068,-15.778483,0.061636593,2478.21863035827
happiness,90.36981506722827,-18.754055,0.030401206,2360.2872635059593
happiness,97.4088991175648,-18.582705,0.046312645,2283.5376253200484
happiness,104.15595379778209,-19.28167,0.035475116,2651.4425901507634
happiness,127.94901849314915,-20.605362,0.035012912,2668.1823633621107
happiness,120.14506743303428,-21.45271,0.031665713,2943.4399304798885
happiness,135.79755570745814,-23.059702,0.02748063,4029.330745486413
happiness,107.28711167243442,-21.7156,0.031186873,3523.9549475250515
happiness,125.25227173467995,-24.624563,0.024914643,4268.657612669594
happiness,109.37836460557985,-25.6863,0.025144562,4890.314760807564
happiness,109.76837242009896,-25.900892,0.018085923,5006.474150638938
happiness,104.36767276569331,-20.135828,0.048276797,3177.5358862156822
happiness,105.91672493298312,-18.53734,0.052405186,3498.1078964159487
happiness,77.27452544479564,-12.913716,0.06260668,2968.257598463747
happiness,123.81541072517614,-16.683973,0.06187713,3574.5933933674
happiness,107.05150399661657,-19.543047,0.06616076,3629.597268431042
happiness,113.44195011945607,-17.005287,0.056187663,3488.4636585207645
happiness,114.66582620287559,-17.234694,0.06368986,3815.540673138046
happiness,123.1073884645813,-16.788216,0.025643155,2732.018578349154
happiness,127.08607807958737,-20.418156,0.024629474,3604.1458665840864
happiness,152.8869598287023,-23.702305,0.015152094,4498.189831882527
happiness,115.22968665312939,-19.281221,0.029706411,3631.524213498866
happiness,127.03772684488506,-21.320396,0.0315885,4470.554980274308
happiness,145.15786902641202,-24.388466,0.036348354,4130.761547121616
happiness,153.80823711176166,-24.487833,0.048810627,3681.0315060202793
happiness,117.8086077734141,-24.546734,0.035757072,4248.554357513533
happiness,141.24415371385763,-23.907732,0.040699985,4402.600802837564
happiness,158.22195324736407,-25.325132,0.045546174,4540.479518862105
happiness,131.56734542945398,-18.80046,0.044582088,3780.743037970507
happiness,117.80877908703886,-22.454386,0.030456593,4254.259057707268
happiness,108.48581361249086,-19.614014,0.035089802,4343.671819092852
happiness,91.53357311423864,-19.579605,0.032545388,4483.371431961518
happiness,94.53726704171817,-20.067976,0.029486682,5008.316393068942
happiness,182.39477633962542,-26.069548,0.030682331,4126.248168868306
happiness,167.36675713703244,-25.5845,0.04607606,3550.0604133486218
happiness,143.09147119050468,-25.97918,0.048024103,3907.101321534514
happiness,151.11106997407623,-26.59107,0.032192472,4657.654769768798
happiness,185.87372272090735,-28.494019,0.03417952,5029.301898790615
happiness,170.0285720720368,-26.538319,0.043279037,3578.299764192342
happiness,136.65290751117104,-23.506819,0.04127597,4128.499014251737
happiness,170.48983685483586,-26.084652,0.053924806,3606.991669879462
happiness,129.5848634007248,-22.670647,0.03191394,4497.222599348192
happiness,152.37434482491943,-26.874802,0.033686914,4412.976880714442
happiness,106.29285683015651,-13.362382,0.11155811,2299.333885986087
happiness,103.5998498413463,-11.308819,0.09818426,2135.264288160273
happiness,124.03400356526518,-16.212671,0.099480316,2501.0565269040553
happiness,100.86630625820436,-11.544643,0.10233921,2732.1920277434656
happiness,229.61238313413048,-19.709599,0.0672659,2411.9239869711973
happiness,109.06443623432405,-24.036533,0.035861943,4223.046264417431
happiness,98.55750357169448,-21.717533,0.040424477,3747.897696057273
happiness,116.09520311937911,-21.49911,0.041318927,3275.914898690978
happiness,96.29120693011751,-23.085917,0.031142788,4181.669630711651
happiness,127.28259585524549,-22.97109,0.028841842,4029.17981435044
happiness,138.94594265501868,-24.283201,0.02420078,4110.709132801433
happiness,139.14990004634114,-25.045933,0.028675469,4446.208334139598
happiness,126.51679669136956,-28.918814,0.017387068,5616.327455348466
happiness,156.89225682978028,-26.093613,0.049669378,3793.511059229298
happiness,129.13709800001047,-23.462538,0.038438696,4553.605456854906
happiness,131.53000259682045,-22.600496,0.04445891,3482.2977989784217
happiness,138.3349943863276,-23.281706,0.045339353,3517.8129823786117
happiness,129.22016048680612,-26.203028,0.034527447,5910.701481677739
happiness,127.23767452875725,-23.724174,0.0478587,3994.5770045966506
happiness,141.0499599072365,-23.88096,0.045302816,4742.72533581222
happiness,125.56647370676359,-26.39794,0.033703543,3501.9001115748683
happiness,145.6934474316468,-26.926828,0.028987475,4018.658559467954
happiness,128.61095968856253,-27.370224,0.017920295,4521.050109115741
happiness,190.0764664678342,-28.695631,0.016460313,5421.960395385723
happiness,198.41984723076493,-30.610466,0.012554189,6261.279119846513
happiness,94.47703649808882,-19.966017,0.013511004,3062.2094986319557
happiness,71.13305405986496,-17.804186,0.013351123,3029.860843030659
happiness,73.48625820278053,-20.372066,0.011633113,3570.746427268252
happiness,77.11753306144249,-25.42311,0.0066850684,5718.246733219118
happiness,105.90704345320269,-21.819132,0.020383017,3125.808261211209
happiness,121.07870771578396,-18.419956,0.07495271,2557.428687050313
happiness,114.42716544696329,-16.973316,0.05882816,2747.6790936859866
happiness,93.62850955060728,-14.5266285,0.07203972,2714.3490667794194
happiness,101.1241122396039,-16.617413,0.06234728,2471.2170868895387
happiness,121.97842331457888,-15.261935,0.05001981,3082.142645388536
happiness,117.46330076249143,-21.609095,0.050303824,3886.6350737917282
happiness,103.81139437432279,-21.963678,0.052956484,3998.3622636809923
happiness,162.35996925757817,-23.758816,0.059208993,3167.472105024526
happiness,103.91727184331263,-22.080147,0.050323896,4182.365663855173
happiness,114.93104928765042,-19.8227,0.063710816,3284.813774034722
happiness,98.72368179045509,-24.226917,0.032381557,4927.401975671146
happiness,91.22031078231954,-21.906929,0.03915886,4274.044964508132
happiness,154.04216291793747,-22.115719,0.03756288,4372.358196715329
happiness,135.8489057749671,-22.783585,0.035882123,4308.199281841272
happiness,194.3293312750115,-22.788483,0.055121116,4068.7756096080043
happiness,88.62751767912704,-24.323587,0.019048717,4513.156256515189
happiness,108.00491392379884,-21.527115,0.029955631,3299.9940672558705
happiness,84.3743147045755,-22.619219,0.019866452,4413.377568745396
happiness,85.32389353254209,-22.06314,0.018903796,4417.71821587953
happiness,101.97144141759811,-24.442142,0.01922205,4394.623900536552
happiness,145.28007221073742,-21.322433,0.051256344,3457.8698918623163
happiness,156.14748528755962,-23.515308,0.046744145,4158.674803219088
happiness,112.80794380582601,-23.276772,0.03840555,4651.4847312122065
happiness,103.7527012487356,-24.306122,0.025513211,5403.730113894428
happiness,140.89200379879375,-22.676579,0.041574877,4488.998139704881
happiness,104.82983863221071,-21.179575,0.04450106,3863.619290087586
happiness,123.32952955191809,-21.10641,0.046090823,4380.185151699021
happiness,132.14403039288058,-18.387064,0.055125866,3717.0054669775054
happiness,110.23911642837378,-21.315008,0.048386417,4821.539955245168
happiness,181.11262585696045,-20.410952,0.04452889,5056.761582202514
happiness,96.5857655253198,-24.481878,0.017934075,4540.745171484589
happiness,110.71728348613458,-24.491436,0.011908493,4719.83925994553
happiness,153.2817321455087,-28.709238,0.024162957,4127.551234895616
happiness,105.44157175451966,-26.499544,0.009937408,5539.821975023276
happiness,108.80911822649185,-26.456833,0.010189458,5634.091117839028
happiness,105.79101847086574,-18.457947,0.05879786,3641.2916308135937
happiness,132.44365618112374,-19.01528,0.06743307,3458.3919394238833
happiness,107.81586278445472,-20.153831,0.061344285,4195.21497669032
happiness,89.53145350152708,-14.38014,0.06569813,3520.5857662960266
happiness,90.88144766696033,-18.988026,0.0607179,4191.181241476069
happiness,107.5560065012992,-21.48101,0.037475333,3482.0542765638083
happiness,93.37108074315822,-20.071318,0.042196073,3205.3073514528833
happiness,131.50829269145729,-22.002434,0.0383659,3732.5459005590546
happiness,97.08584004187328,-22.860142,0.032825038,4183.254972050621
happiness,95.6664981357339,-21.696405,0.038361933,3523.1051204556275
happiness,151.43590517654894,-24.847164,0.034452178,3726.906742150178
happiness,137.41192859419618,-27.160883,0.034677446,4274.7733971233
happiness,154.47442594218822,-27.994171,0.0501978,4048.8925930592277
happiness,141.80409416566982,-26.146639,0.050280754,3545.305546944918
happiness,149.0773843939791,-28.604824,0.043346837,4718.148567539117
happiness,161.08390481111232,-20.544706,0.08089809,2235.1784397590154
happiness,150.58726772068118,-19.604702,0.08069154,2483.1887884615835
happiness,140.44185575548664,-20.825922,0.040359456,2725.4677102155524
happiness,164.1225472146315,-19.238314,0.05842035,2443.183848581451
happiness,141.57871737300408,-21.464746,0.032054745,3015.413270665183
happiness,140.23967908608526,-18.995909,0.105177425,2149.7713457556156
happiness,135.75170735346853,-20.413736,0.0850924,2131.924899027529
happiness,125.65410189184708,-17.026539,0.07777621,2147.5654023891598
happiness,140.93294150640398,-19.7516,0.07001462,2445.802824500843
happiness,156.53843668573006,-19.642601,0.07535538,2672.386636204866
happiness,204.0230077688542,-23.74615,0.1305724,2216.651337757544
happiness,193.52759604328392,-24.6732,0.119918264,2400.900758141049
happiness,255.38244501448537,-23.508545,0.12228355,2352.5696827882844
happiness,183.62787290639167,-22.879967,0.08500978,2544.245142766246
happiness,195.6435723477813,-23.674818,0.09532158,2666.1094014419314
happiness,106.54347936938221,-16.403406,0.08800669,2130.5790330267323
happiness,105.72314131216568,-14.598715,0.10117499,1958.9224580298905
happiness,140.67343725611147,-17.253815,0.10661538,2142.7590456801886
happiness,113.6867057347811,-16.034302,0.066540785,2215.751701759167
happiness,111.00390992515331,-16.025707,0.09524469,2233.4654908113034
happiness,118.70367829310028,-19.448572,0.027974922,2773.4880156861495
happiness,98.10955744845675,-17.077124,0.036813464,2491.0900922572546
happiness,105.89820959474415,-17.931404,0.0337375,2678.9308153052248
happiness,109.07604667107375,-18.41996,0.04426263,2532.8156241607385
happiness,118.1455407291726,-13.702159,0.06016911,2922.3323227396572
surprise,167.1447171074065,-11.366079,0.12284981,1962.034773273191
surprise,197.75856094343644,-13.674161,0.09824562,2264.695518971741
surprise,144.20654696903205,-16.52743,0.104271665,1948.141041462173
surprise,118.47764412755316,-15.350789,0.08933453,2494.9726627907125
surprise,103.87313406351188,-15.4280205,0.0949919,2288.5465363745716
surprise,121.26508802656613,-15.513552,0.09869794,1983.1578665747018
surprise,126.37057487271869,-15.678479,0.08248162,2065.676864362304
surprise,115.58854676555606,-16.584202,0.09890406,1962.7317763152946
surprise,118.73297060513448,-16.210514,0.095364444,1888.613021877956
surprise,120.33248805870187,-16.578793,0.10171723,2080.782764006575
surprise,96.13481387973879,-15.023884,0.07054636,1672.4238917723894
surprise,111.4292026406955,-16.474033,0.04289981,2097.0431216636634
surprise,79.21205344855152,-15.005535,0.08031068,1917.3017550078941
surprise,100.81907909705154,-18.459906,0.05004894,2142.9063726771965
surprise,92.09601121181996,-16.137608,0.071435295,1878.5175066622924
surprise,90.16712677428826,-15.785412,0.05741626,1840.6535491950222
surprise,127.54753025674876,-19.318424,0.01854397,2187.230166653319
surprise,88.75145097050897,-15.1531,0.055617742,1857.025067363754
surprise,88.62688688881316,-17.347797,0.037230894,1968.5937762653293
surprise,114.79998131801062,-15.83271,0.070448354,1899.9652327750161
surprise,94.79422617623236,-19.826796,0.020409128,2203.68778339393
surprise,92.73966728836312,-18.252308,0.021146698,2133.3469915233386
surprise,101.54501925294069,-18.91867,0.020110004,1983.88916592264
surprise,98.98200557533231,-20.34852,0.019563299,2293.3252120279794
surprise,100.71272374098238,-19.108341,0.023659384,2648.410748358936
surprise,130.1769821543045,-17.252634,0.07427863,2732.300180010616
surprise,137.2368693916492,-15.971341,0.075853966,2847.2249946311854
surprise,92.44842511583187,-11.82607,0.10994001,2047.9107050592684
surprise,102.01475076699313,-15.232929,0.08097362,2528.5598825943557
surprise,97.04892449014827,-12.884895,0.11535406,2023.9080010680657
surprise,91.89041623455617,-12.470499,0.063557796,1910.163605535608
surprise,88.99603215481068,-16.310802,0.03751419,2470.4509444661103
surprise,94.38599085676864,-14.659865,0.07442831,1927.839696077042
surprise,96.55202054174819,-16.402658,0.08005389,2176.0416616575576
surprise,144.35692788325733,-15.780689,0.090695776,2045.9055873578468
surprise,114.56110788451144,-16.566355,0.060875375,2348.67924395078
surprise,145.43633006242584,-18.669815,0.06822464,2776.0417769489513
surprise,117.32022152605533,-18.643366,0.056071725,2308.701420171494
surprise,106.0691784985254,-17.843908,0.052402362,2384.3697822031268
surprise,106.18991493287741,-14.685484,0.0708811,2175.4589803422623
surprise,78.67816896590911,-15.2210865,0.038077768,1796.12506390723
surprise,79.49364709884102,-11.905305,0.036177848,1825.7644687176266
surprise,67.45767214676061,-13.558595,0.030514613,1651.538243865015
surprise,102.47784526026972,-14.75379,0.033648778,2073.5519364096167
surprise,74.48817475331357,-14.9559555,0.025024028,2200.43400046594
surprise,95.00832512249774,-15.816137,0.078885674,1763.913489956183
surprise,114.71885967800092,-14.780482,0.061130594,2138.122661445354
surprise,125.32093688619514,-15.108007,0.097423635,1483.399469333881
surprise,95.3723124421951,-18.024664,0.061469313,2233.518974534977
surprise,117.23713919105111,-17.102703,0.06945843,2143.044851956032
surprise,86.49807129949725,-14.396516,0.084483966,1625.749798692185
surprise,135.10409504630783,-19.115425,0.05985701,2370.0447435473043
surprise,136.86094777020037,-17.029537,0.06937665,2036.7266158852067
surprise,115.00266061285186,-15.137488,0.07901843,1783.3205881663825
surprise,128.69118930416545,-16.413376,0.0846481,1863.2994710184885
surprise,101.38235003297983,-16.208382,0.031216977,1847.9229963937603
surprise,106.27014619621892,-20.52392,0.020032853,2650.8266894514754
surprise,97.76736989059826,-19.565939,0.021524243,2244.484611566776
surprise,115.00595354940769,-17.529865,0.034353163,2197.000000980066
surprise,111.98307823101965,-20.40619,0.022003684,2491.6998886877736
surprise,84.62701535024269,-24.797438,0.016436534,5011.069640921151
surprise,109.4387042636536,-22.834211,0.01781406,3778.790641215279
surprise,130.0008173758385,-24.51463,0.027044432,3921.5211779857286
surprise,149.88150816618,-25.960129,0.021377122,4657.371379385588
surprise,154.7599607523622,-25.481344,0.033785902,3757.296330459212
surprise,96.39018711244559,-23.738604,0.039746813,4215.66190434252
surprise,108.28305332362797,-20.520662,0.0386089,3808.9962929449835
surprise,80.45767375283496,-16.872965,0.035930056,2583.5146456505677
surprise,105.83244451716341,-21.216558,0.028700188,3839.123182845134
surprise,81.41969258058573,-20.132446,0.041168306,2970.663642604313
surprise,95.23634057290535,-18.354214,0.0506158,3402.76881770424
surprise,133.96829236599652,-18.442818,0.045551065,3887.0281464734617
surprise,116.94445380687124,-16.640232,0.051232953,3144.278874975203
surprise,108.39957361583939,-17.300352,0.049862303,3113.7784659905783
surprise,100.4079702917093,-18.812576,0.04175776,3591.6872917182845
surprise,111.82487503560394,-19.47815,0.024091823,3193.0209625902817
surprise,97.72444687619199,-19.956572,0.017353263,3906.5438143331958
surprise,95.19488601424493,-16.497725,0.02264038,2591.0109234625525
surprise,101.45951146940838,-19.151217,0.017452233,3462.4229068010077
surprise,109.19902732826132,-22.766397,0.012634427,3938.2165212966183
surprise,128.74807180727237,-22.047174,0.0399706,3061.6032998139926
surprise,144.27632588835448,-22.697079,0.03508325,4450.343896262846
surprise,103.58921516446826,-24.636257,0.031088341,4463.451360961149
surprise,101.95528585300923,-23.380665,0.026784752,4709.816025401613
surprise,87.64376505643443,-23.069683,0.03222657,4514.694049312023
surprise,126.96478953837403,-21.628588,0.029799368,3433.1951685819768
surprise,112.91703295884426,-22.103832,0.022050193,3957.173265634683
surprise,82.87131135014539,-24.86678,0.017161056,4823.698512000638
surprise,92.62258287924104,-21.820038,0.02029855,4215.595369532782
surprise,119.57070971114041,-24.472101,0.012252231,5265.395525738313
surprise,227.64277787759326,-27.07333,0.048315987,3747.980751728877
surprise,123.75762941322999,-26.62981,0.027303424,4604.621074408589
surprise,132.18493277082015,-25.168215,0.05333913,3665.9540037852307
surprise,155.49446660232698,-25.831656,0.04251586,3622.8344443291553
surprise,147.55331941093758,-25.219313,0.036951683,3978.7212540616083
surprise,150.04304777277628,-28.567556,0.0256295,4482.569447375634
surprise,161.5985868643129,-26.905725,0.021839444,5308.414774221894
surprise,126.52312255549303,-26.86166,0.017704725,4423.984017078959
surprise,115.60957057038095,-26.064123,0.015350517,4442.733979199258
surprise,122.04367889532597,-27.404287,0.014126966,4701.301531235356
surprise,93.87912404349322,-12.271472,0.061340917,2008.4049453206903
surprise,99.04067351823002,-12.891936,0.061816704,2017.8204039542127
surprise,91.13847378580697,-12.406479,0.055017244,1853.680202034024
surprise,98.04531695779441,-15.65834,0.046097178,2262.2301063609566
surprise,109.38329083137717,-17.474821,0.048115063,2242.2626508862
surprise,115.37921980268518,-21.14653,0.052440405,3563.5851744194315
surprise,108.25004531647471,-20.826967,0.045928568,2687.3449083264863
surprise,116.13417991065205,-22.347576,0.052037574,3078.319032856061
surprise,118.10920532642078,-23.071018,0.039230227,3927.5847532521957
surprise,97.89642423380988,-19.164373,0.05066407,3251.9213713590457
surprise,145.70864430212714,-25.693115,0.026165182,4228.2267369225865
surprise,128.8987980082329,-26.520853,0.027720844,4902.528407711699
surprise,133.28451102236244,-24.141804,0.033415083,3860.090765897539
surprise,151.08037385140057,-25.334894,0.029391361,3678.526157503652
surprise,149.67650190757215,-22.344973,0.061914824,2976.289314464551
surprise,113.81209157397232,-23.95059,0.0328014,4020.7225895910137
surprise,113.33680737767492,-21.591904,0.03438151,3391.769964738129
surprise,94.20918519782805,-21.37202,0.033267077,3384.8304935384426
surprise,101.83605323291852,-22.103676,0.022792831,4413.947066592789
surprise,94.72666041352446,-21.736486,0.03137556,3706.0249273722698
surprise,128.91544343567747,-26.102678,0.041517556,3184.03228225659
surprise,144.5146587892731,-26.554976,0.025788067,4691.841969546043
surprise,123.4566246351275,-26.742836,0.03299982,3665.9117191168866
surprise,150.04847029286574,-25.85372,0.03135373,3338.0550579684896
surprise,146.99683126295264,-26.710955,0.034734797,3778.7467892332565
surprise,112.58042690147984,-25.235104,0.0078711035,4466.807083515357
surprise,139.8630792609198,-29.093973,0.0034439552,6543.995154856601
surprise,88.34675755230623,-23.647318,0.009778733,4216.401835774551
surprise,100.85672580110749,-20.988789,0.018067287,3498.756724654968
surprise,83.43149849335532,-20.569067,0.016889542,3513.7408196271117
surprise,106.13968789043801,-20.33235,0.055015292,4033.5970373776254
surprise,125.76580508341517,-16.229969,0.05108888,3255.7965283472417
surprise,119.61748165353791,-16.41045,0.062494785,3092.1209452884304
surprise,108.5438740436067,-17.5095,0.055944644,3537.7928593022243
surprise,149.19214937370916,-17.155807,0.05832964,3500.0128938443613
surprise,107.86245276054035,-23.827856,0.04691753,4312.119804510794
surprise,113.12355256873106,-22.413752,0.033782423,4560.1492548114875
surprise,110.43856411491299,-23.759663,0.045975428,4518.410508009773
surprise,100.0978812592915,-20.119452,0.047738455,3745.8094667377404
surprise,115.37857938828712,-21.481823,0.059804566,3722.063915226874
surprise,117.45332340108946,-25.83825,0.017641928,4713.963824918355
surprise,130.51257045778607,-23.104156,0.021450842,5061.992520938239
surprise,116.58200377924409,-21.68145,0.042791717,3032.6654914666606
surprise,112.64100924514122,-27.032562,0.02631677,5548.435656590223
surprise,146.24020187394115,-20.599068,0.04994234,2743.18610594549
surprise,94.80962725823181,-25.026999,0.02440168,4827.940168760904
surprise,110.25239691745777,-22.436909,0.025946137,3464.1921592909853
surprise,87.05121251594028,-25.328804,0.015610008,4729.925529629564
surprise,135.73782418794474,-25.081047,0.020731281,4584.538294455189
surprise,107.50102549543281,-25.865606,0.026269235,4275.69622261472
surprise,87.63277221126468,-25.159048,0.017495638,5582.808964310506
surprise,120.94109445123374,-26.291899,0.0119609935,6129.685511362127
surprise,86.64410812352051,-24.297863,0.012072373,5465.928665757392
surprise,112.08250444014764,-24.907856,0.012873527,5884.434851693758
surprise,83.63610515358722,-22.492397,0.011673009,4868.16624012984
surprise,177.83383292198147,-18.090017,0.07620007,2125.4344679525243
surprise,135.84122366192787,-17.022474,0.087964214,2117.98639799028
surprise,128.95793136569583,-19.168299,0.09289252,2183.0202097542187
surprise,113.98212922574223,-16.559734,0.07712678,2264.1224839172946
surprise,180.74619466369856,-16.92715,0.11993732,2037.8757009454182
surprise,98.04935087262703,-26.079193,0.024996296,5997.066218561087
surprise,88.80296804301702,-19.483486,0.030833548,3721.0361056114907
surprise,77.42538727192195,-17.609713,0.04385026,3031.4753054701932
surprise,93.79568659547665,-21.180386,0.030228881,4192.713188782229
surprise,85.83596369669965,-20.852625,0.026051128,3905.9513616676795
surprise,101.77021078323291,-28.177198,0.007970437,6312.604783981059
surprise,104.93409528664533,-28.487705,0.0041782716,6840.443006110097
surprise,86.52342587448798,-23.394613,0.00767429,4590.350000637583
surprise,80.81435093911536,-27.372896,0.005014055,5996.832739697351
surprise,103.2506430255765,-25.019304,0.006668259,5317.244481124398
surprise,102.53342742180342,-23.933878,0.020823454,5614.113209472605
surprise,115.61898742473292,-22.393587,0.030702837,4937.160259406672
surprise,116.88604724609824,-16.816133,0.05109894,3390.191297444413
surprise,97.36983113249462,-21.389088,0.016613571,4612.095301926413
surprise,112.79991783721157,-15.477017,0.07300454,3001.0165837063482
surprise,119.6432790324557,-24.614233,0.043410327,3699.9854428939957
surprise,114.04484907475359,-22.257343,0.03731482,4177.7785238914885
surprise,85.43821306104117,-23.378916,0.037783705,4236.2398928553
surprise,97.46079509743132,-22.98621,0.03375357,3972.616401719076
surprise,92.16211696326053,-24.18839,0.024634527,5228.74206769169
surprise,129.4619451384776,-26.342892,0.044367254,3973.7066184128053
surprise,168.60342884103719,-26.4787,0.046222366,4046.4913860265287
surprise,163.4667549808338,-25.492891,0.059100457,2862.7716497844795
surprise,169.3951313904637,-28.391907,0.049145114,4008.017861564978
surprise,177.63537963772146,-29.639315,0.048159234,4339.3669237759295
surprise,119.48799376957135,-18.138327,0.0831964,1997.0647787957887
surprise,122.58547754065013,-20.492989,0.07098106,2325.1397341173724
surprise,119.23212810979949,-20.459812,0.076195344,2247.8773146688695
surprise,106.47419177765215,-18.881186,0.057157557,2334.437876827448
surprise,116.20687740513306,-18.781504,0.08517128,2151.2080578243417
surprise,155.9253865633929,-18.854948,0.072819,1993.8332553020261
surprise,114.32664259930701,-19.675806,0.038192865,2061.198458118763
surprise,105.12881973834556,-18.727676,0.070895076,1722.8045210046132
surprise,124.33493338880466,-18.880838,0.066670865,2019.2323447911585
surprise,120.28019691582746,-19.859148,0.06802922,1828.315033600545
surprise,97.98497094216265,-21.272089,0.037758533,2533.917921308792
surprise,148.17683199897263,-22.527609,0.04977358,2758.712432799517
surprise,136.59992337656004,-20.70226,0.075812906,1725.031545830032
surprise,134.77256853107767,-20.813036,0.06532191,2237.024186537108
surprise,117.25727414511593,-19.778168,0.05705909,2455.670984370042
surprise,91.93423472402326,-17.692026,0.046308648,2291.699561664304
surprise,105.11190976407545,-18.122229,0.04103529,2345.9081461314613
surprise,103.06983488256367,-15.073861,0.073735856,2068.758866698824
surprise,87.2988951881467,-16.382753,0.040880643,2268.0952980083703
surprise,103.06124349365302,-15.199088,0.08103631,2110.584649029402
surprise,91.06016508932512,-16.342781,0.045984257,2571.8749006696294
surprise,120.69037476362176,-14.972106,0.045412306,2625.4078193089563
surprise,109.34096684918175,-10.271007,0.069721125,2134.4946448495675
surprise,101.12353596049819,-17.113436,0.04105923,2811.8952659389065
surprise,108.16175857697523,-17.123365,0.030410592,2729.5196101417455
disgust,105.51680574760934,-13.957176,0.09612426,2135.760674798494
disgust,98.5140000188866,-13.62617,0.09983046,2845.700911589511
disgust,204.3275906789623,-16.260527,0.07418899,2492.205713881272
disgust,122.95296852543764,-16.014002,0.06324692,3421.6914022835344
disgust,220.05456198647587,-17.939953,0.05484214,3091.858399397107
disgust,86.18237736777633,-15.980568,0.061875157,1895.8908343150251
disgust,93.66353883688124,-17.58851,0.044538833,2320.200777391781
disgust,131.95184958444244,-15.871917,0.106558755,2018.0371629822064
disgust,107.60282535734135,-16.475697,0.05591862,3036.010396927011
disgust,105.07389360198977,-18.398127,0.07002392,2566.2832053849156
disgust,100.92455356031729,-14.416891,0.0678264,1793.400970108096
disgust,92.87144432656008,-14.157672,0.06913298,1856.5535712160677
disgust,128.22085571475043,-18.296919,0.056254562,2059.7388236210845
disgust,90.18117013457247,-17.492859,0.032291207,2553.4943574478084
disgust,115.10577833296006,-21.32668,0.030983265,2802.328016022844
disgust,120.04028601320918,-15.472183,0.07529013,1752.7972717146674
disgust,126.16890570632067,-17.347761,0.104969054,2098.5327484106883
disgust,132.1543602566981,-16.324251,0.1091736,1666.8145843199304
disgust,96.50283894573946,-13.361517,0.081224054,2133.8618992245983
disgust,150.0031769852031,-17.976015,0.061792523,2195.5888686337616
disgust,88.90689840058675,-17.559607,0.030941885,1974.5998632547578
disgust,95.39044720236778,-18.53695,0.018686188,2454.0245398900684
disgust,118.8259507867452,-19.943712,0.017856818,2526.739909245152
disgust,73.34840081831467,-15.65351,0.030064484,2602.519167553879
disgust,132.86163421231245,-18.984125,0.019582147,3199.022249476792
disgust,99.15257043756493,-12.672474,0.11144936,2081.3812504396933
disgust,112.39686707493206,-16.711739,0.09687826,2661.989735361338
disgust,123.25352857783673,-13.722691,0.10857408,2596.3828799693742
disgust,139.2924653200769,-12.033611,0.08043402,3252.028993082089
disgust,110.3694544804214,-17.441517,0.058603358,3682.3365645394324
disgust,103.52822799121007,-11.463445,0.10698471,1684.20891928455
disgust,98.42768257871306,-15.801669,0.08271604,2393.9426723091697
disgust,138.0107126766659,-17.678728,0.07062959,2192.751340761575
disgust,116.43155803609527,-15.7755,0.050557606,2572.236489061415
disgust,120.52567158777364,-18.59277,0.03988177,3024.761855476078
disgust,122.50008218489256,-19.197966,0.042552862,2791.177387820698
disgust,94.83238085360567,-18.373663,0.023755305,2787.9390533657424
disgust,152.6529552468588,-20.046423,0.049994905,2636.674593664631
disgust,161.6663260299973,-18.250742,0.08385832,3257.9081659313606
disgust,113.61757633011823,-18.233915,0.038563758,2958.452318136488
disgust,72.6824247767069,-14.983679,0.030843519,1983.4749770391836
disgust,78.26593790842232,-16.122778,0.0281426,2184.862581851226
disgust,90.15799991394023,-19.19349,0.021349771,2335.181483255074
disgust,78.77205542277106,-16.297003,0.02556285,2355.4137572722293
disgust,111.94660994592061,-21.640873,0.018655924,3012.6390765273177
disgust,110.91109023894022,-13.626432,0.099598624,1766.1304030814258
disgust,108.08605103935899,-16.321589,0.059141427,2678.776065556775
disgust,157.2746317793116,-18.30112,0.080500625,2006.533871372919
disgust,98.80483628045974,-15.348833,0.06835402,2796.7424135132073
disgust,160.2200485053002,-19.632542,0.0516434,3111.174508406315
disgust,123.5715409710739,-15.504858,0.075699754,2013.1706115763832
disgust,102.46185013263984,-15.513551,0.061494574,2291.5997250776186
disgust,119.35625766810595,-19.247715,0.05421037,2413.4030884199437
disgust,142.22508804329283,-15.05717,0.08306046,2407.1888536844567
disgust,127.5942972396474,-17.258106,0.07087553,2170.3260992235273
disgust,96.66157513599852,-18.819958,0.030608462,2023.4269772394018
disgust,110.43702032345232,-19.72609,0.026787661,2267.7760719018806
disgust,105.96122468086357,-20.903397,0.024619306,2459.311049891527
disgust,99.36357028497495,-18.873198,0.026567563,2813.486503221675
disgust,102.60360502083127,-21.660358,0.01949415,2289.7265090960454
disgust,143.53467923452826,-22.860098,0.024411239,4020.1133943274053
disgust,112.95563562526729,-24.255257,0.013652764,4119.045304021219
disgust,190.83591413029734,-23.086102,0.036974605,4328.9576938362425
disgust,110.71900588648104,-22.511568,0.0182359,4533.546131855433
disgust,142.40927038650042,-22.768394,0.02301335,4365.288624398687
disgust,79.87465899645913,-18.444656,0.026979811,3299.9413617315063
disgust,84.88401659974409,-21.275856,0.01998277,3868.5624818906094
disgust,131.56756184200415,-23.338074,0.029929847,3583.5429468124385
disgust,88.91291842590911,-18.13722,0.040202234,3753.7701241487875
disgust,96.11264952622052,-25.662828,0.011821133,5562.2218630660755
disgust,86.46087277820902,-16.261965,0.051171012,3191.3137353229454
disgust,101.12004778362595,-14.955898,0.070885725,3716.024379822122
disgust,141.67616133447,-21.988068,0.040556464,3572.0722186364615
disgust,93.58908790271487,-19.293453,0.045929227,4169.9901454494275
disgust,113.75503348643844,-19.667797,0.04479945,4675.63324129503
disgust,98.93762669383582,-17.210922,0.02813009,2782.640639526859
disgust,109.41573311605161,-20.656504,0.028624743,3465.991939790722
disgust,154.876269520094,-24.189714,0.015790569,3933.9752936879604
disgust,121.31907629712586,-21.816442,0.020495074,4534.106298714935
disgust,124.61638504680589,-22.777454,0.021552771,4174.480859354639
disgust,119.22875076451136,-25.433567,0.034902833,4388.119149918063
disgust,114.61668986886279,-26.068449,0.036879875,5114.557342881294
disgust,167.28955331114108,-26.224262,0.052165277,4883.862033234745
disgust,116.56413835344931,-23.748455,0.03223314,4956.989395263095
disgust,121.03534537590653,-24.84655,0.044362582,5009.017011352677
disgust,83.50806269945494,-20.06564,0.030444033,3407.190949477867
disgust,102.08827720795948,-21.291567,0.031566627,3990.7867732946916
disgust,111.02061824583163,-22.910372,0.037787333,4020.8325943160257
disgust,99.87148266595827,-21.169434,0.024159836,4466.417429987704
disgust,101.46037093800003,-22.921476,0.028271982,5312.231146922662
disgust,141.73111136523957,-25.786287,0.0293426,4226.508913967129
disgust,127.40687608985972,-27.553322,0.019080682,4418.330774409809
disgust,152.7876103267907,-25.628319,0.020713279,4520.847276509755
disgust,118.96541285338328,-26.841543,0.015754726,5224.7408013650675
disgust,176.67471457009952,-27.330273,0.018309347,5244.585464842756
disgust,127.42332612780105,-25.434069,0.033931002,3380.694799058519
disgust,185.1609421832658,-28.441803,0.048691645,3919.1553843575703
disgust,133.1050389729022,-26.80646,0.035529684,4504.113891891156
disgust,145.99520800888615,-25.499237,0.025253477,4531.563146390857
disgust,154.40338077036168,-28.809929,0.030378675,5140.075308378418
disgust,86.15898689945178,-12.827456,0.06563245,2235.280132805698
disgust,84.11840141045688,-14.076137,0.051031724,2275.0948796072184
disgust,101.62950273359043,-19.495075,0.025738264,2714.3273804822343
disgust,108.61506778640279,-17.843761,0.039575823,3533.222492458425
disgust,95.11567305447245,-20.12102,0.027096773,3196.782081435024
disgust,108.26246374294526,-21.76469,0.03625803,2830.471089584139
disgust,100.68824649483274,-20.45152,0.04541686,2395.553514623709
disgust,135.5536372079969,-24.470835,0.029426517,3518.0766882213247
disgust,109.32950772787467,-22.988098,0.029529316,4233.142423148703
disgust,106.31982798125124,-24.827654,0.021460174,4860.708680340586
disgust,176.9681996034165,-24.257607,0.047550056,2750.032772886394
disgust,130.63188238203375,-24.99405,0.033367727,4203.027232114808
disgust,186.04237353273558,-26.903307,0.04993889,3262.980959685208
disgust,118.58936967074042,-21.109863,0.035428673,5114.273579994448
disgust,141.41513664371178,-25.762827,0.026275843,5204.775882383166
disgust,124.26475199224222,-22.729822,0.03127756,4262.87155664955
disgust,97.26983192831383,-21.682865,0.04334604,4154.469882903487
disgust,137.55312107939451,-24.930857,0.039700292,3929.6917867199336
disgust,104.0004983711448,-23.044703,0.024074819,4877.770343198444
disgust,110.49309794662422,-24.098913,0.029237684,4996.093454653832
disgust,125.94776826144913,-23.940569,0.040433493,3139.623538567258
disgust,149.38947023173418,-24.69042,0.03933321,3204.101411200113
disgust,188.9225456984768,-26.887486,0.037087534,3638.9697025427968
disgust,135.38533562346424,-28.214417,0.020239498,4402.449852284481
disgust,154.9756945228033,-27.627865,0.018542042,4635.902740626519
disgust,79.76697235385542,-22.465935,0.0153456265,3726.056525584946
disgust,70.48818455044474,-21.005766,0.010450555,3316.6260763889863
disgust,138.00221854169283,-24.607689,0.014307472,3460.2995826986207
disgust,75.3866461534641,-25.796597,0.007893905,5360.868908275663
disgust,107.92952200574803,-27.215271,0.0040291916,5207.970890865916
disgust,84.39501390666358,-10.992721,0.069194086,2008.1097443425233
disgust,93.83751690453944,-16.897749,0.056552894,3339.5685548221013
disgust,115.62808181784183,-14.612977,0.07138156,2381.2260930073903
disgust,101.3152976509779,-14.952326,0.052275185,3454.8576375114008
disgust,128.25806474348252,-23.438187,0.032159824,5688.934250385261
disgust,90.86005661975227,-19.65617,0.051884964,2717.4401725708944
disgust,103.79248449681195,-21.877203,0.044556037,3488.7204076381377
disgust,107.53055942228407,-25.13643,0.042830933,3471.2648270470168
disgust,119.63599874718379,-22.842897,0.033319693,4734.7734412469
disgust,127.57929015990356,-24.347147,0.044676088,5228.563345745936
disgust,117.39351136299672,-21.785852,0.035255644,3387.1577488298353
disgust,105.14268715157834,-21.588537,0.04046631,3339.6045986377408
disgust,171.17040579993275,-25.090202,0.04158585,3592.370857006647
disgust,138.3256370340614,-21.668798,0.023155123,4110.002958982032
disgust,128.09928484294528,-27.567026,0.010844715,5615.339142331694
disgust,82.89741307681712,-25.097584,0.013258374,5026.019660474392
disgust,76.65747737781012,-23.317509,0.012171368,3888.1134627841893
disgust,117.84337963724477,-24.837795,0.031517327,3501.879459672197
disgust,111.73820305081814,-23.110043,0.023050249,4562.724951721416
disgust,104.85831867287946,-26.130692,0.019999957,5071.7891729858475
disgust,100.83396668591965,-19.139925,0.045615632,3229.073852624699
disgust,97.14139977868552,-23.6795,0.03455701,5145.546594350589
disgust,111.39753215774755,-20.77871,0.024149284,3839.7022129985585
disgust,107.85677899397965,-24.589285,0.024750033,5660.399670264582
disgust,113.99733640130124,-26.582508,0.012145095,5834.104525957438
disgust,91.16778616758546,-18.800047,0.038228963,2404.5646025655615
disgust,112.99277710408072,-17.712923,0.08120452,2315.804146300289
disgust,105.49601040470758,-18.96461,0.046764635,2505.676435541254
disgust,107.25379943079754,-16.897074,0.0645563,2612.2542582309356
disgust,89.96759970025442,-21.411718,0.03696847,3014.731695740556
disgust,84.29283714751776,-19.53274,0.03431445,3510.9733450612507
disgust,91.73020960047386,-20.346756,0.04135897,3751.6794376644903
disgust,114.96204174670179,-24.434805,0.0394575,4576.215143898955
disgust,89.81705382966365,-23.150206,0.03640861,5260.1355844768705
disgust,94.9812939049092,-23.300556,0.03111248,4991.250651341983
disgust,90.48714755731096,-22.622501,0.019573335,4140.352703021589
disgust,103.44007764842604,-24.047039,0.02253319,4783.979960621849
disgust,162.26380468774292,-26.562588,0.025599716,5422.11481804663
disgust,105.51686682043514,-22.987614,0.019282991,4839.358004139962
disgust,167.80604594889743,-27.408623,0.01745445,5631.725192318794
disgust,106.15452898866533,-15.781352,0.062612556,3177.742579057631
disgust,98.18719529317985,-16.016611,0.06339604,3646.9735078839076
disgust,160.67382113413896,-23.728918,0.056582794,4306.9412339034425
disgust,97.0864489317506,-16.568258,0.047599476,5000.518063331836
disgust,132.29910132949257,-22.237062,0.049015157,5238.711332616075
disgust,85.28611941901433,-21.410196,0.027227057,3711.8846485893305
disgust,104.08499538899144,-23.161058,0.030887075,4012.472046339141
disgust,111.77406545524508,-27.751966,0.016163932,5786.348899279549
disgust,93.95848644927821,-25.998253,0.016621668,5676.711780416668
disgust,121.27093859096442,-25.935087,0.02112197,5557.242164795603
disgust,137.34325786665556,-28.26604,0.03090792,3745.499937934663
disgust,145.00635312546143,-30.037968,0.040298384,4193.818650057958
disgust,163.54562687806617,-29.576626,0.04066076,4196.262781793388
disgust,122.04055752033896,-29.38759,0.026148526,4977.685673153629
disgust,157.32874955837886,-29.66455,0.028015153,5124.296783947548
disgust,118.08996669407667,-21.16147,0.045352228,2690.1394024031397
disgust,114.14771594025089,-19.709393,0.031565793,3031.3030660100962
disgust,147.71493455910127,-19.049109,0.037865203,2591.235894242386
disgust,104.33888119594381,-20.795815,0.02704759,3026.2218164934457
disgust,136.82989752136803,-21.492464,0.0190274,3274.884015455623
disgust,118.29094591192818,-18.161037,0.052238543,2110.7099806967017
disgust,108.4427803488387,-20.992426,0.057812188,2567.875561121316
disgust,157.95680799911014,-19.368673,0.09803675,1884.4043024761443
disgust,105.09954159211968,-18.449097,0.062344067,2390.6738183300836
disgust,104.8288755698893,-17.448154,0.07387612,2444.0954538776305
disgust,162.8126652442952,-22.042555,0.09896926,2418.459112803358
disgust,160.0089581953146,-19.391354,0.10801833,2572.1571067577306
disgust,204.49733123205186,-21.775417,0.113982126,2136.731882318836
disgust,145.2426576078704,-19.736086,0.09527763,2559.6895916402063
disgust,134.29209677319318,-19.483454,0.08047605,2810.5833245294953
disgust,94.29382596858932,-16.13565,0.08397126,2124.452854785984
disgust,123.71665997866951,-18.649115,0.09260458,2340.834378273131
disgust,129.04235838392265,-20.100964,0.077424325,2212.5085240391804
disgust,88.44497548233619,-17.341396,0.046243,2743.502239733875
disgust,99.49995142328102,-17.87533,0.06254087,2693.3470452127417
disgust,121.23011476809978,-16.347326,0.042471964,2560.9336181105164
disgust,93.38364174869196,-15.275164,0.052577622,2677.0686680304975
disgust,129.00421064036348,-15.791449,0.06337963,2563.0427513292743
disgust,116.41274598002413,-16.31284,0.04327441,3252.8163405247383
disgust,92.03578742701325,-22.054302,0.018317476,3505.260581756724
fear,84.1972479286918,-14.0170965,0.042338748,2828.2533445327704
fear,108.04062605921868,-16.01276,0.050602198,3259.4285539751886
fear,124.7010556830862,-16.431671,0.09346174,2873.1072470149975
fear,121.886053498566,-16.379389,0.14282662,1803.7739857020504
fear,127.39312107618277,-13.96058,0.109060444,2178.325405010907
fear,81.28838214435537,-14.611349,0.05521232,2310.258809309054
fear,94.68167700543188,-14.3550005,0.03926488,2995.078221536939
fear,103.47739934368272,-20.254595,0.05328086,2802.894951103649
fear,88.01509868227384,-17.034891,0.05526739,1923.0753369610484
fear,117.56236601368677,-16.17153,0.093915865,2366.1756587081322
fear,76.33605285243662,-18.192162,0.016947454,2615.5294886348775
fear,80.33612838706343,-17.928566,0.02564485,2431.174086041589
fear,89.02603244634486,-16.664438,0.046121236,2061.993204745942
fear,91.04405137604721,-16.142458,0.09315035,1581.8354844849405
fear,90.59312977127055,-16.511974,0.062825814,1715.4650018603904
fear,107.35514998437536,-15.175385,0.043104764,1780.3986256464696
fear,118.3455448418891,-18.911491,0.04759749,2569.943595707549
fear,130.17189642047882,-21.958761,0.05896578,2252.4688569248992
fear,100.60592224414752,-18.858713,0.044179667,1798.0648428552313
fear,117.08081237157418,-15.112744,0.06648198,1786.5055231730826
fear,101.9174832069284,-18.870106,0.016733797,2554.296508361805
fear,87.19000978733153,-19.951937,0.01362785,2872.4644626127256
fear,93.49500867887159,-18.41486,0.03129196,2523.884737066005
fear,142.45770099188346,-16.227777,0.08038689,1835.1360000446405
fear,121.07767511053042,-16.415203,0.043623056,2534.5392214877584
fear,117.15012565243806,-12.795149,0.13519652,2315.208828362836
fear,122.78069302441892,-14.106761,0.128524,2930.7820453975887
fear,112.3836641143879,-18.000854,0.09082321,2468.662305910153
fear,126.47569738739033,-17.272516,0.10522906,1987.6796605629434
fear,119.66829926120725,-15.772508,0.10287157,2148.8222185131835
fear,106.83842052055692,-17.776266,0.034131996,2817.888818346155
fear,115.20634041280317,-16.171825,0.053474784,2735.7057054227794
fear,89.92253335644205,-19.323677,0.042843778,2535.272634867769
fear,88.66499147839184,-19.456911,0.05289989,2418.432360293574
fear,85.23725095078856,-16.908354,0.050235,2438.8083659398844
fear,126.63440208867023,-17.455515,0.03585371,2778.167678509409
fear,101.93707478766652,-17.568668,0.033487853,2947.6141745408167
fear,117.79402539460692,-17.807377,0.06482536,2839.1931838864903
fear,127.83379260867268,-16.884165,0.069444016,2194.5262632226613
fear,111.77675069848274,-17.435286,0.06602036,2267.430044210884
fear,81.72719151426065,-16.178349,0.021975806,2363.381673701845
fear,90.80953960236378,-15.476812,0.024722826,2543.973908605165
fear,70.13862704236655,-14.170873,0.029055545,1983.3316817513683
fear,74.72494680975802,-15.607703,0.027919276,1737.049977122256
fear,62.45897737126814,-15.597471,0.019020285,2074.017068180395
fear,102.7499614376137,-14.584016,0.072531216,1952.5087353308302
fear,114.25675953140393,-18.050116,0.04630047,2634.8971082410117
fear,92.6133018023161,-17.326815,0.038077544,2247.089444661643
fear,124.32690895013539,-16.941566,0.118939675,1611.0816874034608
fear,96.9045588852924,-16.895447,0.06429913,1954.0043259715537
fear,119.16389230555573,-15.44625,0.0871707,2024.5017527387379
fear,157.41692021998117,-16.705778,0.061583847,2481.778610355393
fear,109.23994868487505,-17.415327,0.0717283,2131.8847535040272
fear,149.5197622611359,-15.429593,0.10387422,1703.2809615527533
fear,102.96871395676976,-11.663667,0.083545506,2149.162578867741
fear,102.16923968814697,-19.357334,0.029547118,2281.0743987197075
fear,102.62212185180046,-19.588707,0.019949386,2238.4159593907
fear,99.8857915838855,-21.277424,0.02101679,2287.3814402019048
fear,112.2850916713891,-20.17685,0.04283047,1757.3436987288796
fear,103.52586375107147,-20.259853,0.023751598,2268.227133167031
fear,105.34206095380087,-21.283194,0.015714487,4015.070921679938
fear,117.08148685362657,-24.645258,0.009566073,4588.104270280475
fear,141.11649651785237,-27.592201,0.013855614,5731.815510466188
fear,146.72647982216563,-26.165194,0.025341146,4253.602868033022
fear,138.09398463181475,-23.748125,0.02253421,4268.420955230129
fear,96.28604754844645,-21.318735,0.014938922,4313.315870743531
fear,88.41181919500072,-19.593842,0.023706395,3845.087497894515
fear,80.21670268091464,-21.355991,0.023868222,3792.0130315164415
fear,89.9609797500494,-24.427984,0.029713558,4183.289732265811
fear,90.10594068188686,-21.579416,0.02212115,4361.865312559416
fear,87.97662057845037,-18.78112,0.026838731,3828.9150217231036
fear,155.990219570401,-22.42703,0.016034639,4964.37511352951
fear,109.90734175248458,-18.543177,0.042511486,2838.7807014579976
fear,140.8091243016753,-20.584251,0.06783778,3143.69787377288
fear,108.99298357902641,-16.162971,0.062071573,3051.228470581404
fear,104.77902325257779,-18.038315,0.023596998,3099.110471752217
fear,101.55783183890016,-20.652494,0.0151088415,3973.8789305185396
fear,91.89013165439182,-22.468843,0.015995577,3495.8576865838536
fear,75.55163353181153,-18.680197,0.03254225,2580.172651692483
fear,84.68294922639235,-19.675964,0.020170014,2938.1073331689972
fear,129.14483802240917,-26.059265,0.031342845,4614.900050292289
fear,128.67396949442434,-24.651556,0.041750714,4825.984921112241
fear,144.37474426872961,-28.70268,0.0283972,5477.30161462522
fear,136.78482607915834,-24.77741,0.06419947,3131.8483667086116
fear,141.4078443301736,-24.996954,0.040066198,4222.775689800038
fear,101.82054029036851,-21.710096,0.015831646,4528.982009800739
fear,104.69474427775494,-20.385973,0.021123528,4019.1684819421157
fear,73.0145230887335,-23.286062,0.013652388,5536.209622146026
fear,75.8904661892767,-22.03308,0.023618564,4099.840202895697
fear,87.89689792910109,-21.08171,0.01771645,4029.02555970788
fear,140.36903861598682,-27.487574,0.03375862,4451.215887032052
fear,150.17684138726557,-27.482176,0.016095119,4612.452659555503
fear,159.1125857655749,-28.298292,0.048463985,3846.6873543207885
fear,170.64153519479515,-27.1702,0.06222444,3285.5249882950043
fear,141.6484458250874,-28.96004,0.028676396,4732.874060259107
fear,137.31819611408864,-25.394997,0.01688529,4604.224069981818
fear,115.28254945543287,-27.300789,0.013563652,5007.153149566405
fear,144.26552219034554,-30.017656,0.020108024,4246.143818029267
fear,189.51132196065362,-27.757261,0.023646215,3879.7595896876915
fear,144.56573704755496,-26.34835,0.018135143,4262.284607531277
fear,82.05536370729706,-15.97341,0.026293745,2361.3732608214677
fear,73.60936603383269,-14.352506,0.03765783,2733.479493411019
fear,69.6892733368417,-16.000484,0.039450325,2351.422275895728
fear,110.12523804635606,-14.7244215,0.11315049,1822.5024655044956
fear,75.15864794927444,-13.803946,0.06202877,2057.7165116257474
fear,107.78190087054153,-20.678226,0.047350515,2875.160471584028
fear,134.99044129754708,-24.22459,0.04453936,4366.089112842369
fear,107.10227056864888,-24.917662,0.050050825,3571.4526727678003
fear,125.82090171477483,-23.76692,0.046098173,2638.1471647774024
fear,113.19790484387207,-24.549334,0.035948925,2895.499387296556
fear,148.01506987042995,-22.372522,0.032382738,3773.6239606109834
fear,126.93136922720201,-26.152426,0.018474765,4066.6402225661036
fear,137.9678388970252,-27.097654,0.01484099,5081.607521876697
fear,162.79134465597298,-26.215364,0.046954,4243.123416507451
fear,155.63009086554874,-25.4905,0.033001535,4450.35586449945
fear,86.01731927186441,-22.924149,0.024045488,3782.5208684163285
fear,101.36287343751845,-22.308966,0.036459234,4405.661476862593
fear,103.58423208683622,-23.191105,0.029531801,4796.583517192341
fear,126.49765000716567,-22.395565,0.041406818,3681.8731544968573
fear,100.45748745765043,-23.15029,0.029872794,4176.294093477307
fear,137.18312159613012,-25.42069,0.03509217,3629.4595599674362
fear,157.29488656381866,-24.653542,0.034388084,4109.887266949464
fear,150.9396678789707,-25.202353,0.056598403,3860.3566670475366
fear,154.02008839882976,-25.347984,0.056664266,2875.436753527514
fear,122.87186250845429,-27.381025,0.032013614,3962.4316072033125
fear,90.12095886955613,-21.029896,0.009596879,3422.1254595442792
fear,103.27853878787751,-26.719034,0.004897038,5584.118852605665
fear,112.53317310779056,-28.282648,0.010860683,4722.279624422198
fear,104.32952457868261,-27.323586,0.019170448,3282.0937929959905
fear,81.98915600128888,-23.837488,0.010107658,4032.187848329599
fear,130.35924837117878,-16.165081,0.07778748,2891.147912495532
fear,112.13113531456528,-16.66808,0.056894537,3806.4549535508254
fear,168.49962863194685,-17.470993,0.05150063,3868.8237702545534
fear,94.5604609922797,-12.965649,0.10659528,1515.182493286296
fear,83.60808843189332,-13.368542,0.061651234,2240.4811006746822
fear,107.88220942920373,-24.796707,0.019333905,5029.332302621206
fear,143.2712030911948,-26.326365,0.019655406,5198.569156279527
fear,105.9859527577306,-18.831905,0.053142466,3719.4240264039245
fear,114.2375687239189,-24.23286,0.045664087,4633.021747940586
fear,88.76848023795611,-20.844578,0.040579855,3603.8831149719163
fear,149.70615133393204,-26.456358,0.01145034,5551.8367701051875
fear,126.42603904680809,-27.587305,0.0077106915,6112.931082538364
fear,119.4452708379635,-25.069534,0.013795739,5776.375256726179
fear,126.21865923782005,-25.121162,0.022121826,4988.480697400552
fear,175.34156715955214,-24.056913,0.021874398,4639.548409750858
fear,77.73975412399642,-26.320595,0.010824764,4594.112452086192
fear,93.66677259464532,-23.940306,0.01423652,3578.462050695983
fear,99.68887887692152,-26.242716,0.020630457,5033.908872500054
fear,101.46932469294087,-26.78031,0.019440558,5291.537209482272
fear,94.37022146314091,-21.957546,0.019136047,4020.01022029696
fear,105.73973677400834,-17.67659,0.043784585,3799.0876269933506
fear,103.27462376558906,-21.228134,0.021259783,4585.988126858621
fear,94.80997739619207,-23.99881,0.030070536,4843.3349778929505
fear,123.98789739805129,-23.535769,0.047859542,4029.7586641051957
fear,100.22903485725783,-22.779099,0.034869112,4502.424449878782
fear,101.79917816486997,-17.17414,0.09820418,2218.027030579589
fear,115.78559413011035,-17.872068,0.082805,2818.649294238988
fear,103.93244107005239,-16.264963,0.07622314,2334.638997936031
fear,133.2181275196433,-15.687508,0.11004644,1638.55445561559
fear,97.91084118527293,-16.92814,0.07098322,1940.1664362051768
fear,67.31230895516286,-22.71093,0.0108050825,5267.377497044291
fear,115.89309871822755,-21.013186,0.033919573,4037.288213833636
fear,94.45940405410691,-23.46195,0.025740916,5139.958422621481
fear,86.75302149752717,-22.91227,0.04967153,4009.0906054351954
fear,95.28446573748789,-23.507587,0.029372143,5089.232051434036
fear,101.00169571257285,-26.449095,0.0092461165,5782.280497797269
fear,87.2968808515641,-21.255787,0.017577076,4185.78930699449
fear,97.2447163156105,-26.612003,0.016053237,5490.698368011967
fear,112.49898379511826,-22.621119,0.023325667,4164.746428681885
fear,96.744056967889,-25.502089,0.010519411,5114.384587911683
fear,124.30064469198206,-22.821426,0.014085252,5097.044387121823
fear,118.73895797876091,-21.84805,0.013651517,5097.284771585282
fear,91.9370588488134,-22.779068,0.0323494,5263.291752456028
fear,152.25265895322687,-20.8111,0.046899255,3556.670560503455
fear,86.42343179997314,-17.167877,0.0373572,3958.833832668349
fear,75.42083575823341,-24.202353,0.010608236,5064.875977775621
fear,76.48345374611162,-23.089373,0.014579547,4615.862658926857
fear,78.97631197360515,-24.676662,0.009125076,5500.114378024765
fear,83.70454106970196,-24.753477,0.018558739,4471.7865065492015
fear,91.98919488692661,-24.764414,0.01507005,4851.08254115726
fear,163.19895407189412,-31.087206,0.00977702,5771.920498504253
fear,210.97997057195283,-31.839235,0.028499827,4603.113202432089
fear,186.52224220351752,-32.201004,0.015731841,5762.205858484466
fear,222.58189329712408,-32.524082,0.03710975,3799.671662890664
fear,213.69642837135126,-32.992752,0.026299637,4349.499464606814
fear,111.887453053138,-22.994741,0.014546575,3292.3890869124657
fear,106.22084305420705,-20.332924,0.034324337,3513.960790947208
fear,111.65070330350166,-22.425528,0.022750983,3019.477273941777
fear,113.81968938557834,-22.868343,0.01911657,2485.656170064606
fear,115.48313478974029,-21.013102,0.028839234,2262.7721061738007
fear,106.4024641257581,-17.784805,0.079330884,1893.6617167051636
fear,117.31227178765283,-18.978338,0.061271552,2556.4587687295943
fear,132.48963880591523,-20.245686,0.05883803,2462.709272593356
fear,126.64638311773173,-20.755997,0.09859907,2067.779971277527
fear,121.53581793887703,-18.104555,0.08507764,1696.6860876958817
fear,116.97274140429319,-20.63392,0.047921076,2319.065122397066
fear,137.64506083189423,-19.892292,0.036758885,3388.60923374834
fear,157.56246311351754,-23.20899,0.05690467,2749.608048295984
fear,180.83988565392602,-24.103596,0.109036036,2180.760027461601
fear,230.37674279068074,-23.670774,0.12998146,2168.2272470016355
fear,83.96416379311914,-18.272474,0.025416011,2770.616932833845
fear,105.6258747337939,-17.6569,0.027201045,3038.7596562404874
fear,96.90640364080106,-17.765858,0.027812544,2695.614804825246
fear,113.2497331666841,-16.949049,0.06874717,1842.1666582717944
fear,100.48964179703071,-16.747047,0.051038,2378.5355643446437
fear,85.99198792064553,-15.948401,0.029856289,2646.7419294749066
fear,101.0484278447087,-14.26452,0.03655264,3082.923194497251
fear,88.50257721350442,-15.6448345,0.053667385,2533.549744273477
fear,103.74276493390845,-13.48377,0.10832269,1817.0579076591891
fear,94.33565127647559,-14.309304,0.06111854,2065.898208259314
sadness,87.35271655739152,-13.772402,0.06676134,2148.3490708846134
sadness,95.6131097010632,-15.482244,0.07573161,2321.0445220712472
sadness,90.98428678477302,-17.408564,0.041891076,2439.2008748657195
sadness,84.46574447846295,-14.815638,0.0614071,2396.7562938170768
sadness,82.13585253374177,-16.243923,0.056512732,2432.2582157488864
sadness,75.23261117210482,-15.826563,0.050905198,1988.253808126138
sadness,78.51705608798437,-18.15143,0.037127387,2085.159118374461
sadness,110.27569164146145,-18.729174,0.067451596,2206.6131843715248
sadness,77.43956110751864,-18.795357,0.040385466,2433.134284954068
sadness,83.05486381073744,-19.491333,0.024679383,2514.250760208751
sadness,61.5923792936573,-17.48151,0.02382328,2156.3454887365738
sadness,98.2609214355866,-18.379292,0.03092001,1980.9958456574539
sadness,72.16642208930783,-18.174887,0.019675564,2448.7815501216346
sadness,77.36961691505971,-21.12733,0.016035413,2115.285486025632
sadness,85.9895467289399,-18.069155,0.026163613,2021.2552228464906
sadness,67.11605117810963,-18.443104,0.023371303,2072.015033305631
sadness,86.82586072918258,-15.60664,0.0501683,1658.0648081217817
sadness,100.96627814234293,-18.143972,0.04376413,1968.276665633905
sadness,102.94269700094037,-18.600193,0.030149741,2186.4795033154496
sadness,131.88527479901467,-18.224344,0.022469066,2339.1858877512254
sadness,88.54431837750718,-18.687935,0.013812243,2444.0898161778127
sadness,84.82146895267682,-19.08678,0.016702142,2540.2414534011436
sadness,100.05946765988799,-17.765726,0.021771546,2360.344511087828
sadness,86.64925160982241,-18.266632,0.015406113,2305.506838456343
sadness,95.69449714650005,-18.664494,0.014517776,2771.796896666321
sadness,75.26920860004498,-14.738361,0.06533851,2125.031625419617
sadness,92.71794203388106,-12.564263,0.10093013,2094.973825681899
sadness,98.26247841488185,-15.866568,0.07480896,2234.2822684660055
sadness,108.05188546991052,-16.957314,0.0891694,2342.674591127669
sadness,115.51152953839053,-17.389742,0.08419222,2199.534525354758
sadness,82.02370584725952,-11.76917,0.060186543,1699.8343293285084
sadness,87.02402015061425,-17.395199,0.046345226,2209.9622948470983
sadness,102.63370420459476,-17.592018,0.04845951,2359.1329153316865
sadness,97.50028806872452,-20.259525,0.040574282,2613.8276377052043
sadness,93.34644794154815,-19.49333,0.0343282,2609.953240236928
sadness,88.77969185894553,-19.5398,0.018001989,2700.9836840475773
sadness,85.46463497001801,-18.866611,0.030276835,2597.2823618259263
sadness,123.68934664402028,-19.822672,0.041657962,2662.5962014235374
sadness,72.76974131782654,-19.62339,0.01460234,2644.00178863545
sadness,84.62465222051192,-19.90147,0.011488134,2602.8492368508655
sadness,59.605632011407835,-13.825175,0.02043892,1955.8748789058507
sadness,56.472913751641386,-14.577987,0.02290056,2157.7546324344694
sadness,70.0110009236327,-14.453029,0.025607184,2138.0706055180153
sadness,67.73246078426313,-15.2634535,0.022497416,2260.6318929261665
sadness,90.73905394692376,-20.371824,0.010676119,2910.100896987544
sadness,75.36664481634263,-14.266375,0.049057927,2036.4621345361486
sadness,90.75401495616678,-16.5084,0.04065324,2299.415062432901
sadness,98.00888998654791,-17.343843,0.041675773,2261.6106837771663
sadness,100.38246458411118,-19.641489,0.039928187,2276.2919790404358
sadness,110.52336646805972,-18.616364,0.04132818,2405.858094820931
sadness,100.04491053747724,-18.681843,0.023172231,2381.6518632547504
sadness,110.43902071401222,-16.192846,0.065990366,2214.361473131408
sadness,108.95522247241546,-16.359594,0.07464709,2122.24260066873
sadness,111.99881943721493,-16.638264,0.056670707,2049.068697077587
sadness,118.03406002952248,-17.044523,0.07880157,2085.777052649358
sadness,87.18804111334825,-21.550404,0.014369306,2726.6020056187954
sadness,94.86772747100126,-18.87222,0.022237638,2323.5409639270833
sadness,93.45675184287055,-19.244314,0.021065956,2399.20654856196
sadness,97.72534962342499,-18.877016,0.020455737,2357.9832308494683
sadness,85.17788606457586,-19.933342,0.015173185,2630.6158399157894
sadness,92.35363215531795,-24.371769,0.013955401,4197.101333655764
sadness,95.6198544484697,-22.835503,0.01904888,3855.270020654321
sadness,112.92559665458043,-23.390835,0.015614968,4407.729154526022
sadness,129.04822725751683,-23.894539,0.014109392,4392.8769672298795
sadness,119.97179166623927,-26.012018,0.013309711,5077.266037841228
sadness,82.23794317483531,-22.459839,0.010856827,4467.187266154051
sadness,71.67682004973068,-24.399748,0.011740789,5301.999445792592
sadness,76.95970989781581,-21.239098,0.017836288,4025.9208030983264
sadness,70.83822564628842,-22.792074,0.0148444865,4778.758476229562
sadness,114.42523271105802,-25.808214,0.011632489,5396.389661687919
sadness,74.42543185306211,-19.378489,0.030587887,4003.967304576592
sadness,91.4420027821989,-19.457817,0.036604512,3756.529761441593
sadness,107.11912373502356,-18.586727,0.03912474,3507.5377285694176
sadness,106.09260183587666,-18.466394,0.042722564,3095.747073751175
sadness,125.89203274591183,-20.116402,0.039310064,3634.797284176958
sadness,72.50986389535693,-19.801418,0.016619999,3491.855923564008
sadness,77.13446759684889,-23.076561,0.0122437775,4728.849405064213
sadness,96.6734895860534,-23.17424,0.012386452,4438.333153387022
sadness,98.87377746744174,-24.570663,0.011770985,4534.545558760736
sadness,153.71385392248874,-23.002972,0.01367231,3838.5088602088617
sadness,110.07761648314151,-26.207333,0.0146524515,4857.649862406968
sadness,124.34036162148352,-26.820723,0.021378746,5216.117728969894
sadness,141.25299620752875,-25.412294,0.032587122,4156.114672414736
sadness,114.29625374751048,-27.326574,0.021708712,5545.714535766517
sadness,98.711103606133,-28.236666,0.018205173,5896.624416910293
sadness,81.21340470741504,-20.606953,0.01885613,3820.5831941139536
sadness,100.64001606663675,-25.081053,0.011501882,4978.135018842482
sadness,100.32399151403067,-25.374031,0.009251236,5169.156976695506
sadness,85.21877510388101,-28.100584,0.0076622018,5946.916011516997
sadness,83.69195227443308,-23.274355,0.0111836465,4633.584565113274
sadness,125.41963883610975,-27.163794,0.016098268,4401.634466513713
sadness,130.91201268217475,-27.349401,0.017514864,4166.523319437059
sadness,151.77575243738727,-27.430737,0.022430733,3849.9745179499655
sadness,138.69808771400844,-28.268463,0.011953481,5501.8164175754455
sadness,123.35585064315323,-28.955788,0.012629222,5108.3635188637345
sadness,121.52469217642391,-27.453367,0.010781642,5177.331562312451
sadness,134.2200507630469,-27.5572,0.018074805,4466.1641552402825
sadness,110.13895021622434,-26.389227,0.014734839,4776.458912606321
sadness,111.6900475167995,-28.296057,0.008988293,5371.125132650818
sadness,106.34123336587679,-28.165016,0.00832376,4958.584893343785
sadness,73.60743983108082,-17.38858,0.020525487,2233.669034549554
sadness,74.93129141553148,-17.048624,0.040365197,2374.8475738871102
sadness,101.61336256225755,-18.084154,0.046834994,2159.3516809799125
sadness,88.08134337962022,-18.183899,0.030017562,2426.7061692611164
sadness,86.01096683164843,-18.464878,0.031890612,2678.458938835954
sadness,82.40214634946398,-22.568962,0.02545659,3701.3866645521134
sadness,86.52085314145333,-23.70688,0.028535392,4016.517289869321
sadness,102.38477099048356,-23.46262,0.024459874,3331.1469710832844
sadness,98.28499725640104,-22.575878,0.020325758,4293.834292970355
sadness,86.211689218151,-23.947996,0.027677938,4224.490765132586
sadness,134.48106553648017,-25.82217,0.017151112,5076.906805018452
sadness,112.4842260105489,-23.955236,0.021109052,4224.463081050567
sadness,138.48591223105808,-27.294556,0.017792813,4681.978103473178
sadness,114.87623602381248,-30.208551,0.012351761,6417.124910673153
sadness,117.38708084298331,-28.9404,0.014669959,5489.046024578857
sadness,94.29836455555905,-25.59784,0.012873413,5141.841883209405
sadness,87.43019064971371,-24.730417,0.015068901,4654.795044998548
sadness,97.24411137290096,-24.01732,0.022517404,4488.066567536422
sadness,95.59848512725739,-25.17718,0.017896807,4963.154316262805
sadness,149.0676013622176,-26.789745,0.011738269,5598.189374610276
sadness,108.23935033346037,-30.19372,0.010679327,5542.2747285313235
sadness,137.7658596637145,-28.45013,0.021823324,3761.8955351600025
sadness,133.38420746816544,-26.197975,0.016905388,4110.339542563887
sadness,123.58680273485753,-27.721546,0.010789926,5152.623054110691
sadness,136.6955155426862,-29.970297,0.010999601,5329.507062988835
sadness,60.81454349504373,-25.180643,0.006066638,4505.90643051087
sadness,106.07472935046434,-27.826141,0.006561695,4813.945173154815
sadness,109.15514492868708,-24.796896,0.00756839,4227.601663010776
sadness,100.554338274594,-31.638435,0.0032320628,6465.890980032039
sadness,95.1577530136161,-26.129587,0.0031346865,5717.272503184527
sadness,105.14689326358139,-15.414306,0.041937172,3422.9058472005777
sadness,83.45220959058186,-22.728842,0.022577992,5020.532607765577
sadness,98.39850377839795,-18.623274,0.02839435,4047.4640762296153
sadness,116.69260712782577,-18.540854,0.035376098,3457.6946711732853
sadness,104.68573362942035,-24.963717,0.019251429,5311.6300101898805
sadness,87.33048123313957,-23.155342,0.032252505,4489.15046101211
sadness,92.49693395015335,-22.32714,0.03787943,4167.550574277125
sadness,112.81202250228958,-23.042915,0.034435954,4075.1339229630116
sadness,109.10599249043543,-23.004032,0.0340477,4128.7662595576685
sadness,139.55714707095723,-27.756422,0.016600862,5448.286913442064
sadness,78.1878738111302,-23.631332,0.016352944,5401.947520262753
sadness,114.81129383695334,-22.473413,0.0238604,3408.494848742521
sadness,104.17874658586045,-22.822523,0.019353993,4469.218592404248
sadness,121.47863363890318,-26.869219,0.03097546,4618.4481331364
sadness,139.3539704265933,-23.253471,0.02688801,3606.836942569814
sadness,89.7306548766239,-27.26112,0.005949859,5471.342481474885
sadness,93.3299703283937,-26.300587,0.009780568,4810.214842960786
sadness,90.77127763692748,-23.884827,0.014443224,4303.446823229669
sadness,112.49761094078434,-29.025764,0.008815696,5430.396546528221
sadness,116.42724907220561,-28.18438,0.006040012,5737.787922603402
sadness,119.48931888571566,-21.01912,0.0097471,4485.420013737811
sadness,105.077969741742,-24.70894,0.0082269255,5500.313592562107
sadness,82.68482318469172,-23.565538,0.006638491,5477.160148546587
sadness,92.68625323536867,-23.012531,0.00820688,5085.330656648665
sadness,159.68230019980967,-24.482426,0.006724181,5783.6259164256635
sadness,81.334702253735,-20.522612,0.021152187,4462.878660665577
sadness,112.78393992044506,-26.303131,0.008498439,6490.731015290122
sadness,80.66736195522677,-23.222336,0.014728503,5273.465166128431
sadness,93.62756980630672,-25.453484,0.010949442,5885.118134691112
sadness,82.59150912639187,-23.841969,0.0108632585,5196.781045389479
sadness,83.53878300399171,-24.086952,0.011005228,4685.989865145129
sadness,78.80718647662063,-25.030476,0.008461267,4691.3468336017995
sadness,105.88211367689303,-24.525091,0.009362878,4708.251911382522
sadness,124.58053045769356,-28.378777,0.005899318,5884.946144691714
sadness,94.88306440812866,-27.534023,0.007288129,5698.621865897039
sadness,106.10848608087677,-27.81404,0.0044943434,6289.64699385679
sadness,113.48566683424559,-23.479921,0.008537438,5050.449247431016
sadness,84.37230752616873,-19.32549,0.013973813,4363.249215488675
sadness,181.34636235321355,-24.105467,0.009772012,5736.6995991671065
sadness,160.529982449273,-25.672932,0.014853937,5522.105661184687
sadness,99.95044284297691,-25.548597,0.011716953,5403.259898276471
sadness,78.72655955440429,-23.421255,0.009619764,4849.892468869018
sadness,79.4717140134288,-24.499302,0.008955444,5333.5532036819895
sadness,93.34926757703313,-25.999954,0.008895571,5712.526600969812
sadness,151.87896794994413,-29.54807,0.004557324,7187.538136220262
sadness,119.19032113585223,-31.470701,0.013811415,5405.544486256839
sadness,121.40429026305571,-32.28261,0.012741468,5551.563334865262
sadness,128.50307282135577,-31.184145,0.016500063,4800.564684170755
sadness,107.03195583229883,-31.705221,0.010207335,6247.954979714266
sadness,125.43424165600032,-32.166622,0.0112591265,6221.9995277878315
sadness,99.76582293965146,-20.347523,0.01693898,2556.1294278848236
sadness,108.07946772575926,-20.328568,0.037967596,2460.970793583123
sadness,101.4641111645382,-18.969507,0.028435012,2719.4385256961823
sadness,104.83885118740025,-21.97387,0.028088458,2854.8085505675444
sadness,97.26242800969284,-21.434692,0.021851692,2883.443925828093
sadness,105.11810575452024,-21.745049,0.032400005,2108.056981969983
sadness,106.45346444482311,-22.063213,0.031542037,2413.6471600114023
sadness,108.69736547132607,-20.963343,0.030251142,2170.650020980035
sadness,105.11121744578627,-21.726742,0.03413333,2257.815740220674
sadness,104.30294680046187,-20.480286,0.039384596,2131.416719980629
sadness,113.22246565678806,-19.505058,0.03404241,2258.120472192677
sadness,117.77347757981892,-19.716593,0.049364466,2366.517433138749
sadness,167.29389910625903,-21.125095,0.057270233,2344.544699477533
sadness,115.55485074860816,-20.66318,0.042621486,2484.5658371290456
sadness,120.43132774288591,-21.615309,0.022196813,2284.7296344611723
sadness,82.61480647860876,-19.110228,0.023816278,2382.518754750109
sadness,73.54992027657478,-16.77404,0.032275684,2173.3914950684057
sadness,83.31384205083843,-15.449763,0.042730767,2265.5478469053414
sadness,76.63716929305254,-17.319569,0.04046379,2251.0542045855823
sadness,97.38441437809338,-19.85468,0.02641434,2622.038952275042
sadness,94.56406255169229,-16.478668,0.020527808,2154.417767899502
sadness,81.65608057007202,-14.2775755,0.044473495,1893.4222678496233
sadness,84.43271990109123,-18.43081,0.025470668,2577.2018853947175
sadness,90.37634564284043,-20.555027,0.016629599,2715.7706244912492
sadness,93.53927824687773,-17.33201,0.023002828,2605.7555808986035
